"id","period","player_appearance_id","body_part","technique","play_pattern","own_goal_player_appearance_id","block_player_appearance_id","minute","possession","stage","under_pressure"
143,"half_1",39442,"right_foot","normal","regular_play","NULL","NULL",11,2285,"top",FALSE
144,"half_1",39442,"right_foot","normal","counter_attack","NULL","39422",31,2285,"top",TRUE
145,"half_1",39440,"head","normal","regular_play","NULL","NULL",16,2285,"top",TRUE
146,"half_2",39440,"head","lob","corner_kick","NULL","NULL",45,2285,"top",TRUE
147,"half_1",39438,"right_foot","normal","regular_play","NULL","NULL",16,2285,"top",TRUE
148,"half_1",39444,"left_foot","volley","regular_play","NULL","NULL",18,2285,"top",TRUE
149,"half_1",39443,"right_foot","normal","regular_play","NULL","NULL",23,2285,"top",TRUE
150,"half_1",39433,"left_foot","normal","regular_play","NULL","NULL",25,2284,"top",TRUE
151,"half_1",39433,"right_foot","volley","regular_play","NULL","NULL",30,2284,"top",TRUE
152,"half_2",39433,"right_foot","normal","regular_play","NULL","39440",24,2284,"top",TRUE
153,"half_1",39435,"left_foot","volley","regular_play","NULL","NULL",30,2284,"top",FALSE
154,"half_2",39435,"right_foot","normal","counter_attack","NULL","NULL",3,2284,"top",TRUE
155,"half_1",39445,"right_foot","normal","regular_play","NULL","NULL",31,2285,"top",TRUE
156,"half_1",39436,"right_foot","normal","regular_play","NULL","NULL",33,2284,"top",TRUE
157,"half_1",39426,"left_foot","normal","regular_play","NULL","NULL",43,2284,"top",TRUE
1699,"half_1",42292,"right_foot","normal","regular_play","NULL","42310",1,2416,"top",TRUE
159,"half_2",39451,"right_foot","normal","counter_attack","NULL","NULL",22,2285,"top",TRUE
160,"half_2",39451,"right_foot","normal","counter_attack","NULL","NULL",39,2285,"top",TRUE
161,"half_2",39441,"right_foot","volley","throw_in","NULL","NULL",23,2285,"top",TRUE
162,"half_2",39441,"right_foot","normal","regular_play","NULL","NULL",40,2285,"top",TRUE
163,"half_2",39450,"head","other","regular_play","NULL","NULL",25,2285,"top",TRUE
164,"half_2",39439,"head","other","corner_kick","NULL","NULL",37,2285,"top",TRUE
165,"half_1",39484,"head","normal","indirect_free_kick","NULL","NULL",7,2287,"top",TRUE
166,"half_1",39477,"right_foot","normal","regular_play","NULL","39485",9,2286,"top",TRUE
167,"half_1",39477,"left_foot","normal","regular_play","NULL","NULL",26,2286,"top",TRUE
168,"half_2",39477,"left_foot","normal","regular_play","NULL","NULL",21,2286,"top",TRUE
169,"half_1",39480,"right_foot","normal","regular_play","NULL","NULL",11,2286,"top",TRUE
170,"half_1",39480,"right_foot","normal","regular_play","NULL","NULL",44,2286,"top",TRUE
171,"half_1",39488,"left_foot","normal","corner_kick","NULL","39484",13,2287,"top",FALSE
172,"half_1",39487,"head","normal","regular_play","NULL","NULL",13,2287,"top",TRUE
1700,"half_1",42292,"head","normal","corner_kick","NULL","NULL",36,2416,"top",TRUE
1701,"extra_time_1",42292,"head","normal","regular_play","NULL","NULL",3,2416,"top",TRUE
1702,"half_1",42305,"head","normal","regular_play","NULL","NULL",3,2417,"top",TRUE
1703,"half_1",42295,"right_foot","volley","regular_play","NULL","42316",3,2416,"top",TRUE
1704,"half_1",42295,"right_foot","normal","regular_play","NULL","42308",32,2416,"top",TRUE
1705,"half_1",42318,"right_foot","normal","regular_play","NULL","NULL",6,2417,"top",TRUE
1706,"half_2",42318,"right_foot","normal","regular_play","NULL","NULL",3,2417,"top",TRUE
1707,"half_2",42318,"right_foot","normal","counter_attack","NULL","NULL",13,2417,"top",TRUE
1708,"half_1",42296,"right_foot","normal","regular_play","NULL","NULL",13,2416,"top",TRUE
1709,"half_2",42296,"head","normal","regular_play","NULL","NULL",17,2416,"top",TRUE
1710,"half_2",42296,"head","normal","corner_kick","NULL","NULL",23,2416,"top",TRUE
1711,"half_2",42296,"right_foot","normal","regular_play","NULL","42311",40,2416,"top",TRUE
1712,"half_1",42313,"right_foot","normal","regular_play","NULL","NULL",31,2417,"top",TRUE
1713,"half_1",42313,"right_foot","normal","counter_attack","NULL","42290",34,2417,"top",TRUE
173,"half_1",39473,"right_foot","normal","regular_play","NULL","NULL",23,2286,"top",TRUE
174,"half_1",39485,"left_foot","normal","corner_kick","NULL","NULL",37,2287,"top",FALSE
1714,"half_2",42313,"right_foot","normal","counter_attack","NULL","NULL",11,2417,"top",TRUE
176,"half_2",39471,"head","normal","corner_kick","NULL","NULL",19,2286,"top",TRUE
177,"half_2",39479,"right_foot","normal","regular_play","NULL","NULL",25,2286,"top",TRUE
178,"half_2",39475,"head","lob","corner_kick","NULL","NULL",28,2286,"top",TRUE
179,"half_2",39474,"right_foot","normal","regular_play","NULL","39485",32,2286,"top",TRUE
180,"half_2",39492,"right_foot","normal","throw_in","NULL","39473",42,2287,"top",TRUE
181,"half_2",39492,"right_foot","lob","regular_play","NULL","NULL",46,2287,"top",FALSE
182,"half_2",39483,"right_foot","volley","regular_play","NULL","NULL",42,2287,"top",TRUE
183,"half_2",39491,"left_foot","normal","regular_play","NULL","NULL",44,2287,"top",FALSE
1715,"half_2",42313,"left_foot","normal","regular_play","NULL","42290",28,2417,"top",TRUE
202,"half_1",39574,"left_foot","normal","regular_play","NULL","39559",12,2291,"top",TRUE
203,"half_1",39574,"left_foot","normal","regular_play","NULL","39561",33,2291,"top",TRUE
204,"half_1",39565,"left_foot","normal","regular_play","NULL","39575",14,2290,"top",TRUE
205,"half_1",39565,"left_foot","normal","regular_play","NULL","NULL",24,2290,"top",TRUE
206,"half_2",39565,"right_foot","normal","regular_play","NULL","NULL",33,2290,"top",TRUE
207,"half_1",39571,"right_foot","normal","regular_play","NULL","39573",14,2290,"top",FALSE
208,"half_1",39571,"right_foot","normal","regular_play","NULL","39584",20,2290,"top",FALSE
209,"half_1",39571,"left_foot","normal","regular_play","NULL","NULL",20,2290,"top",TRUE
210,"half_1",39571,"left_foot","normal","corner_kick","NULL","39576",44,2290,"top",TRUE
211,"half_1",39566,"left_foot","normal","counter_attack","NULL","NULL",16,2290,"top",TRUE
212,"half_1",39568,"head","normal","regular_play","NULL","NULL",18,2290,"top",TRUE
213,"half_1",39568,"left_foot","volley","regular_play","NULL","39566",46,2290,"middle",TRUE
214,"half_1",39563,"right_foot","volley","corner_kick","NULL","39573",44,2290,"bottom",FALSE
215,"half_2",39563,"left_foot","volley","direct_free_kick","NULL","39560",15,2290,"top",TRUE
216,"half_1",39573,"head","normal","corner_kick","NULL","NULL",48,2291,"top",TRUE
217,"half_2",39580,"right_foot","normal","regular_play","NULL","NULL",3,2291,"top",TRUE
218,"half_2",39575,"head","normal","corner_kick","NULL","NULL",3,2291,"top",TRUE
219,"half_2",39576,"head","normal","corner_kick","NULL","NULL",8,2291,"top",TRUE
220,"half_2",39584,"right_foot","normal","regular_play","NULL","NULL",10,2291,"top",TRUE
221,"half_2",39584,"right_foot","normal","regular_play","NULL","39560",12,2291,"top",TRUE
222,"half_2",39579,"left_foot","normal","regular_play","NULL","NULL",12,2291,"top",FALSE
223,"half_2",39586,"head","normal","direct_free_kick","NULL","NULL",19,2291,"top",TRUE
224,"half_2",39572,"right_foot","normal","counter_attack","NULL","NULL",20,2290,"top",FALSE
225,"half_2",39572,"left_foot","volley","corner_kick","NULL","NULL",48,2290,"top",FALSE
226,"half_2",39577,"right_foot","normal","regular_play","NULL","NULL",22,2291,"top",TRUE
227,"half_2",39577,"right_foot","normal","regular_play","NULL","NULL",31,2291,"top",TRUE
228,"half_2",39578,"right_foot","normal","regular_play","NULL","NULL",46,2291,"top",TRUE
229,"half_1",39625,"right_foot","volley","regular_play","NULL","39613",10,2293,"top",TRUE
230,"half_2",39625,"right_foot","normal","regular_play","NULL","NULL",6,2293,"top",TRUE
231,"half_2",39625,"left_foot","normal","regular_play","NULL","NULL",19,2293,"top",FALSE
232,"half_2",39625,"right_foot","normal","direct_free_kick","NULL","39616",32,2293,"top",TRUE
233,"half_1",39623,"left_foot","normal","regular_play","NULL","NULL",17,2293,"top",TRUE
234,"half_1",39623,"right_foot","normal","regular_play","NULL","NULL",18,2293,"top",TRUE
235,"half_1",39610,"left_foot","normal","regular_play","NULL","NULL",25,2292,"top",TRUE
236,"half_1",39610,"left_foot","normal","regular_play","NULL","NULL",42,2292,"top",TRUE
237,"half_1",39614,"right_foot","normal","regular_play","NULL","NULL",28,2292,"top",FALSE
238,"half_1",39613,"head","normal","corner_kick","NULL","NULL",36,2292,"top",TRUE
239,"half_2",39613,"right_foot","normal","regular_play","NULL","39619",41,2292,"top",TRUE
240,"half_1",39608,"left_foot","normal","regular_play","NULL","NULL",46,2292,"top",TRUE
241,"half_2",39631,"right_foot","normal","regular_play","NULL","39613",2,2293,"top",TRUE
242,"half_2",39631,"right_foot","normal","regular_play","NULL","NULL",14,2293,"top",TRUE
243,"half_2",39626,"left_foot","normal","regular_play","NULL","NULL",2,2293,"top",TRUE
244,"half_2",39622,"right_foot","normal","regular_play","NULL","39615",5,2293,"top",TRUE
245,"half_2",39624,"left_foot","normal","regular_play","NULL","NULL",5,2293,"top",TRUE
246,"half_2",39624,"left_foot","normal","regular_play","NULL","39609",26,2293,"top",TRUE
247,"half_2",39618,"head","other","corner_kick","NULL","NULL",13,2293,"top",TRUE
248,"half_2",39607,"right_foot","normal","regular_play","NULL","NULL",17,2292,"top",TRUE
249,"half_2",39646,"left_foot","normal","regular_play","NULL","NULL",22,2293,"top",TRUE
250,"half_2",39646,"left_foot","normal","regular_play","NULL","NULL",48,2293,"top",TRUE
251,"half_2",39628,"right_foot","normal","regular_play","NULL","NULL",43,2293,"top",TRUE
252,"half_2",39639,"left_foot","normal","regular_play","NULL","NULL",49,2292,"top",TRUE
253,"half_2",39617,"right_foot","normal","regular_play","NULL","39605",50,2293,"top",TRUE
254,"half_1",39653,"left_foot","normal","regular_play","NULL","39667",3,2294,"top",TRUE
255,"half_2",39653,"right_foot","normal","regular_play","NULL","39667",6,2294,"top",TRUE
256,"half_1",39669,"right_foot","normal","regular_play","NULL","NULL",5,2295,"top",TRUE
257,"half_2",39669,"right_foot","volley","counter_attack","NULL","NULL",46,2295,"top",TRUE
258,"half_1",39673,"right_foot","normal","regular_play","NULL","NULL",6,2295,"top",TRUE
259,"half_1",39656,"left_foot","normal","counter_attack","NULL","NULL",20,2294,"top",TRUE
260,"half_1",39654,"left_foot","other","regular_play","NULL","NULL",22,2294,"top",TRUE
261,"half_1",39665,"right_foot","normal","regular_play","NULL","39660",27,2295,"top",TRUE
262,"half_1",39665,"right_foot","normal","indirect_free_kick","NULL","NULL",34,2295,"top",TRUE
263,"half_1",39674,"right_foot","normal","counter_attack","NULL","NULL",32,2295,"top",TRUE
264,"half_2",39659,"right_foot","normal","regular_play","NULL","NULL",8,2294,"top",FALSE
265,"half_2",39679,"right_foot","normal","regular_play","NULL","NULL",17,2295,"top",TRUE
266,"half_2",39655,"left_foot","volley","corner_kick","NULL","NULL",22,2294,"top",FALSE
267,"half_2",39655,"right_foot","normal","counter_attack","NULL","NULL",28,2294,"top",FALSE
268,"half_2",39655,"right_foot","volley","counter_attack","NULL","NULL",40,2294,"top",TRUE
269,"half_2",39677,"right_foot","normal","regular_play","NULL","39651",23,2295,"top",FALSE
270,"half_2",39677,"right_foot","normal","regular_play","NULL","39658",25,2295,"top",TRUE
271,"half_2",39662,"right_foot","normal","regular_play","NULL","39666",32,2294,"top",TRUE
272,"half_2",39662,"right_foot","normal","corner_kick","NULL","NULL",33,2294,"top",FALSE
273,"half_2",39671,"right_foot","normal","regular_play","NULL","NULL",36,2295,"top",TRUE
274,"half_2",39672,"other","other","regular_play","NULL","NULL",40,2295,"top",TRUE
275,"half_1",39702,"right_foot","volley","regular_play","NULL","NULL",3,2296,"top",TRUE
276,"half_1",39702,"left_foot","normal","regular_play","NULL","NULL",19,2296,"top",TRUE
277,"half_2",39702,"right_foot","normal","regular_play","NULL","39715",14,2296,"top",TRUE
278,"half_1",39697,"left_foot","normal","regular_play","NULL","NULL",4,2296,"top",TRUE
279,"half_2",39697,"left_foot","normal","regular_play","NULL","NULL",44,2296,"top",TRUE
280,"half_1",39709,"left_foot","normal","corner_kick","NULL","39717",8,2296,"top",TRUE
281,"half_1",39709,"right_foot","normal","regular_play","NULL","NULL",26,2296,"top",TRUE
282,"half_1",39709,"right_foot","normal","direct_free_kick","NULL","NULL",41,2296,"top",FALSE
283,"half_1",39706,"left_foot","volley","throw_in","NULL","39723",16,2296,"top",TRUE
284,"half_1",39703,"right_foot","volley","corner_kick","NULL","NULL",19,2296,"top",TRUE
285,"half_1",39703,"left_foot","normal","regular_play","NULL","NULL",42,2296,"middle",TRUE
286,"half_2",39703,"right_foot","normal","regular_play","NULL","39713",14,2296,"top",TRUE
1716,"half_1",42289,"left_foot","normal","throw_in","NULL","NULL",34,2416,"top",FALSE
288,"half_1",39717,"right_foot","normal","regular_play","NULL","NULL",25,2297,"top",TRUE
289,"half_1",39719,"right_foot","normal","counter_attack","NULL","NULL",27,2297,"middle",TRUE
290,"half_1",39719,"right_foot","normal","regular_play","NULL","39697",27,2297,"top",TRUE
291,"half_1",39719,"head","normal","regular_play","NULL","NULL",44,2297,"top",TRUE
292,"half_1",39723,"right_foot","normal","indirect_free_kick","NULL","39724",32,2297,"top",FALSE
293,"half_2",39723,"left_foot","normal","regular_play","NULL","39699",45,2297,"top",TRUE
294,"half_1",39720,"right_foot","normal","direct_free_kick","NULL","NULL",39,2297,"top",FALSE
295,"half_2",39699,"head","normal","indirect_free_kick","NULL","NULL",4,2296,"bottom",FALSE
296,"half_2",39708,"right_foot","normal","counter_attack","NULL","NULL",30,2296,"top",TRUE
297,"half_2",39725,"right_foot","normal","regular_play","NULL","39703",45,2297,"top",TRUE
298,"half_2",39725,"left_foot","normal","regular_play","NULL","39699",45,2297,"top",TRUE
299,"half_2",39725,"right_foot","normal","direct_free_kick","NULL","39697",48,2297,"top",FALSE
300,"half_1",39758,"left_foot","normal","regular_play","NULL","NULL",4,2299,"top",TRUE
301,"half_2",39758,"right_foot","normal","regular_play","NULL","39743",20,2299,"top",TRUE
302,"half_1",39765,"right_foot","normal","regular_play","NULL","NULL",9,2299,"top",TRUE
303,"half_2",39765,"left_foot","normal","regular_play","NULL","39752",10,2299,"top",TRUE
304,"half_2",39765,"left_foot","normal","regular_play","NULL","39752",14,2299,"top",TRUE
305,"half_2",39765,"left_foot","normal","regular_play","NULL","39752",30,2299,"top",TRUE
306,"half_1",39743,"head","other","indirect_free_kick","NULL","NULL",27,2298,"top",TRUE
307,"half_1",39746,"left_foot","normal","regular_play","NULL","39766",29,2298,"top",TRUE
308,"half_2",39746,"right_foot","normal","counter_attack","NULL","NULL",1,2298,"top",FALSE
309,"half_1",39744,"left_foot","normal","regular_play","NULL","39770",29,2298,"top",TRUE
310,"half_1",39769,"left_foot","normal","regular_play","NULL","NULL",39,2299,"top",FALSE
311,"half_2",39769,"left_foot","normal","regular_play","NULL","39750",2,2299,"top",TRUE
312,"half_1",39770,"left_foot","normal","regular_play","NULL","NULL",43,2299,"top",TRUE
313,"half_2",39764,"right_foot","normal","regular_play","NULL","39756",2,2299,"top",TRUE
314,"half_2",39764,"left_foot","normal","regular_play","NULL","NULL",16,2299,"top",TRUE
315,"half_2",39763,"left_foot","normal","regular_play","NULL","NULL",3,2299,"top",TRUE
316,"half_2",39745,"head","normal","regular_play","NULL","NULL",6,2298,"top",TRUE
317,"half_2",39752,"head","normal","corner_kick","NULL","NULL",18,2298,"top",TRUE
318,"half_2",39771,"left_foot","normal","regular_play","NULL","NULL",28,2299,"top",TRUE
319,"half_2",39760,"head","normal","corner_kick","NULL","NULL",31,2299,"top",TRUE
320,"half_2",39747,"left_foot","normal","regular_play","NULL","NULL",34,2298,"top",FALSE
321,"half_2",39755,"right_foot","normal","regular_play","NULL","NULL",46,2298,"top",TRUE
322,"half_2",39766,"left_foot","normal","regular_play","NULL","39752",47,2299,"top",TRUE
878,"half_1",40777,"left_foot","normal","regular_play","NULL","40762",8,2345,"top",TRUE
879,"half_1",40777,"right_foot","normal","regular_play","NULL","NULL",8,2345,"top",FALSE
880,"half_1",40783,"right_foot","normal","corner_kick","NULL","NULL",11,2345,"top",FALSE
881,"half_1",40783,"right_foot","normal","regular_play","NULL","NULL",20,2345,"top",TRUE
882,"half_1",40767,"right_foot","normal","regular_play","NULL","NULL",21,2344,"top",TRUE
883,"half_2",40767,"left_foot","volley","regular_play","NULL","NULL",2,2344,"top",TRUE
884,"half_2",40767,"left_foot","normal","regular_play","NULL","40778",14,2344,"top",TRUE
885,"half_1",40763,"head","normal","indirect_free_kick","NULL","NULL",24,2344,"top",TRUE
886,"half_2",40763,"head","normal","corner_kick","NULL","NULL",47,2344,"top",TRUE
887,"half_1",40784,"left_foot","normal","regular_play","NULL","NULL",31,2345,"top",FALSE
888,"half_1",40784,"left_foot","normal","direct_free_kick","NULL","NULL",39,2345,"middle",FALSE
889,"half_2",40784,"left_foot","normal","regular_play","NULL","NULL",5,2345,"top",TRUE
890,"half_1",40773,"left_foot","normal","regular_play","NULL","NULL",36,2344,"top",TRUE
891,"half_1",40773,"left_foot","normal","regular_play","NULL","NULL",45,2344,"top",FALSE
892,"half_2",40773,"left_foot","normal","regular_play","NULL","NULL",29,2344,"top",TRUE
893,"half_2",40773,"left_foot","normal","regular_play","NULL","NULL",37,2344,"top",TRUE
894,"half_2",40773,"head","normal","corner_kick","NULL","NULL",38,2344,"bottom",TRUE
895,"half_1",40765,"head","normal","corner_kick","NULL","NULL",42,2344,"top",TRUE
896,"half_2",40766,"right_foot","normal","regular_play","NULL","40782",6,2344,"top",TRUE
897,"half_2",40764,"right_foot","normal","regular_play","NULL","NULL",6,2344,"bottom",TRUE
363,"half_1",39881,"head","normal","indirect_free_kick","NULL","NULL",5,2304,"top",TRUE
364,"half_1",39881,"head","normal","indirect_free_kick","NULL","NULL",47,2304,"top",TRUE
365,"half_2",39881,"left_foot","normal","throw_in","NULL","NULL",45,2304,"middle",TRUE
366,"half_1",39900,"left_foot","normal","counter_attack","NULL","NULL",7,2305,"top",TRUE
367,"half_1",39884,"left_foot","normal","regular_play","NULL","39899",14,2304,"top",TRUE
368,"half_1",39884,"right_foot","normal","regular_play","NULL","39899",30,2304,"top",TRUE
369,"half_2",39884,"left_foot","normal","corner_kick","NULL","39898",43,2304,"top",TRUE
370,"half_1",39903,"left_foot","normal","direct_free_kick","NULL","NULL",19,2305,"top",FALSE
371,"half_1",39890,"right_foot","normal","regular_play","NULL","39906",31,2304,"top",TRUE
372,"half_1",39906,"head","normal","indirect_free_kick","NULL","NULL",42,2305,"top",TRUE
373,"half_2",39906,"head","normal","corner_kick","NULL","39882",20,2305,"top",TRUE
374,"half_1",39887,"right_foot","normal","regular_play","NULL","NULL",42,2304,"top",TRUE
375,"half_2",39895,"left_foot","normal","direct_free_kick","NULL","39888",19,2305,"top",FALSE
376,"half_2",39897,"left_foot","normal","corner_kick","NULL","NULL",20,2305,"top",TRUE
377,"half_2",39888,"right_foot","normal","indirect_free_kick","NULL","NULL",26,2304,"top",FALSE
378,"half_2",39907,"right_foot","normal","throw_in","NULL","NULL",28,2305,"top",TRUE
379,"half_2",39901,"left_foot","normal","regular_play","NULL","39880",34,2305,"top",FALSE
380,"half_2",39905,"head","normal","corner_kick","NULL","NULL",34,2305,"top",TRUE
381,"half_2",39889,"right_foot","normal","regular_play","NULL","39906",48,2304,"top",TRUE
382,"half_2",39892,"right_foot","normal","direct_free_kick","NULL","39899",50,2304,"top",FALSE
383,"half_1",39933,"left_foot","normal","regular_play","NULL","39947",7,2306,"top",TRUE
384,"half_2",39933,"left_foot","normal","regular_play","NULL","39949",4,2306,"top",TRUE
385,"half_2",39933,"right_foot","normal","regular_play","NULL","39949",12,2306,"top",TRUE
386,"half_2",39933,"right_foot","normal","throw_in","NULL","NULL",20,2306,"top",TRUE
387,"half_1",39930,"right_foot","volley","regular_play","NULL","NULL",12,2306,"top",TRUE
388,"half_1",39930,"right_foot","normal","direct_free_kick","NULL","NULL",22,2306,"top",FALSE
389,"half_1",39930,"head","normal","regular_play","NULL","NULL",34,2306,"top",TRUE
1717,"extra_time_1",42289,"left_foot","normal","regular_play","NULL","NULL",8,2416,"top",FALSE
391,"half_2",39930,"right_foot","normal","regular_play","NULL","39949",5,2306,"middle",TRUE
392,"half_2",39930,"right_foot","volley","regular_play","NULL","NULL",7,2306,"top",TRUE
393,"half_2",39930,"right_foot","normal","regular_play","NULL","39949",18,2306,"middle",TRUE
394,"half_1",39944,"left_foot","normal","regular_play","NULL","39943",15,2307,"top",TRUE
395,"half_1",39947,"left_foot","normal","corner_kick","NULL","39938",16,2307,"top",FALSE
396,"half_1",39931,"right_foot","volley","indirect_free_kick","NULL","NULL",18,2306,"top",FALSE
397,"half_2",39931,"right_foot","normal","regular_play","NULL","NULL",7,2306,"top",FALSE
398,"half_2",39931,"right_foot","normal","regular_play","NULL","NULL",44,2306,"top",TRUE
399,"half_1",39946,"left_foot","normal","regular_play","NULL","39925",20,2307,"top",TRUE
400,"half_1",39929,"head","normal","corner_kick","NULL","NULL",25,2306,"top",TRUE
401,"half_1",39929,"right_foot","normal","indirect_free_kick","NULL","39947",44,2306,"top",TRUE
402,"half_2",39929,"head","normal","corner_kick","NULL","NULL",30,2306,"top",TRUE
403,"half_1",39948,"right_foot","volley","regular_play","NULL","39942",30,2307,"top",TRUE
404,"half_1",39928,"head","normal","corner_kick","NULL","NULL",44,2306,"top",TRUE
405,"half_2",39938,"right_foot","normal","regular_play","NULL","NULL",9,2306,"top",FALSE
406,"half_2",39953,"left_foot","normal","regular_play","NULL","NULL",11,2307,"top",TRUE
407,"half_2",39953,"left_foot","normal","regular_play","NULL","NULL",31,2307,"top",TRUE
408,"half_2",39932,"right_foot","normal","regular_play","NULL","NULL",29,2306,"top",TRUE
409,"half_2",39955,"right_foot","normal","indirect_free_kick","NULL","39927",38,2307,"top",TRUE
410,"half_2",39955,"right_foot","normal","regular_play","NULL","NULL",52,2307,"top",TRUE
411,"half_2",39949,"head","normal","regular_play","NULL","NULL",39,2307,"top",FALSE
412,"half_2",39940,"right_foot","normal","regular_play","NULL","NULL",47,2306,"middle",TRUE
413,"half_2",39940,"right_foot","other","regular_play","NULL","NULL",57,2306,"middle",TRUE
414,"half_1",39993,"left_foot","volley","regular_play","NULL","39974",2,2309,"top",TRUE
415,"half_1",39993,"right_foot","normal","regular_play","NULL","NULL",4,2309,"top",TRUE
416,"half_1",39994,"right_foot","normal","regular_play","NULL","NULL",8,2309,"top",TRUE
417,"half_1",39978,"head","normal","regular_play","NULL","NULL",11,2308,"top",TRUE
1718,"half_1",42307,"left_foot","normal","regular_play","NULL","42290",35,2417,"top",TRUE
419,"half_1",39976,"right_foot","normal","regular_play","NULL","NULL",13,2308,"top",TRUE
420,"half_1",39976,"right_foot","normal","counter_attack","NULL","39990",18,2308,"top",TRUE
421,"half_1",39974,"right_foot","normal","regular_play","NULL","NULL",17,2308,"top",TRUE
422,"half_1",39972,"right_foot","volley","regular_play","NULL","NULL",28,2308,"top",FALSE
423,"half_1",39972,"right_foot","normal","corner_kick","NULL","NULL",31,2308,"top",TRUE
424,"half_1",39972,"head","normal","indirect_free_kick","NULL","NULL",44,2308,"top",TRUE
425,"half_2",39977,"right_foot","normal","regular_play","NULL","NULL",3,2308,"top",TRUE
426,"half_2",39973,"right_foot","normal","corner_kick","NULL","NULL",6,2308,"top",TRUE
427,"half_2",39973,"head","other","corner_kick","NULL","NULL",12,2308,"top",TRUE
428,"half_2",39975,"right_foot","normal","direct_free_kick","NULL","NULL",10,2308,"top",FALSE
429,"half_2",39975,"left_foot","volley","regular_play","NULL","NULL",22,2308,"top",TRUE
430,"half_2",39975,"right_foot","normal","regular_play","NULL","NULL",34,2308,"top",TRUE
431,"half_2",39984,"head","normal","regular_play","NULL","NULL",11,2308,"top",TRUE
432,"half_2",39984,"right_foot","other","regular_play","NULL","NULL",43,2308,"top",TRUE
433,"half_2",40000,"right_foot","other","regular_play","NULL","NULL",17,2309,"top",TRUE
434,"half_2",40000,"right_foot","normal","regular_play","NULL","39974",17,2309,"top",TRUE
435,"half_2",39986,"right_foot","normal","regular_play","NULL","NULL",23,2308,"top",TRUE
436,"half_2",39980,"left_foot","normal","regular_play","NULL","NULL",24,2308,"top",TRUE
437,"half_2",39980,"right_foot","normal","counter_attack","NULL","NULL",46,2308,"top",TRUE
438,"half_2",39983,"right_foot","normal","regular_play","NULL","39998",28,2308,"top",TRUE
439,"half_2",39981,"right_foot","normal","regular_play","NULL","NULL",33,2308,"top",TRUE
440,"half_2",39981,"right_foot","normal","regular_play","NULL","NULL",40,2308,"top",FALSE
441,"half_2",39992,"left_foot","normal","regular_play","NULL","NULL",34,2309,"top",TRUE
1044,"half_1",41181,"right_foot","normal","regular_play","NULL","NULL",3,2363,"top",TRUE
1045,"half_1",41181,"right_foot","normal","regular_play","NULL","NULL",13,2363,"top",FALSE
1046,"half_1",41181,"left_foot","normal","counter_attack","NULL","NULL",41,2363,"top",TRUE
1047,"half_2",41181,"right_foot","volley","throw_in","NULL","NULL",24,2363,"top",TRUE
1048,"half_1",41157,"left_foot","normal","regular_play","NULL","41170",4,2362,"top",TRUE
1049,"half_1",41153,"right_foot","volley","throw_in","NULL","41173",5,2362,"top",TRUE
1050,"half_1",41153,"right_foot","normal","throw_in","NULL","NULL",32,2362,"top",TRUE
1051,"half_2",41153,"right_foot","normal","regular_play","NULL","41181",29,2362,"top",TRUE
1052,"half_1",41151,"left_foot","normal","regular_play","NULL","41167",5,2362,"top",TRUE
1053,"half_1",41151,"left_foot","normal","regular_play","NULL","NULL",5,2362,"top",TRUE
1054,"half_1",41151,"left_foot","normal","regular_play","NULL","NULL",15,2362,"top",TRUE
1055,"half_2",41151,"right_foot","normal","regular_play","41169","NULL",15,2362,"top",TRUE
1056,"half_1",41167,"right_foot","normal","regular_play","NULL","NULL",7,2363,"top",FALSE
1057,"half_2",41167,"right_foot","normal","regular_play","NULL","NULL",35,2363,"top",TRUE
1058,"half_1",41168,"left_foot","normal","throw_in","NULL","41152",10,2363,"top",FALSE
1059,"half_1",41178,"left_foot","normal","direct_free_kick","NULL","41151",13,2363,"top",FALSE
1060,"half_1",41178,"left_foot","normal","regular_play","NULL","NULL",46,2363,"top",TRUE
1061,"half_2",41178,"left_foot","normal","regular_play","NULL","NULL",13,2363,"top",TRUE
1062,"half_1",41156,"right_foot","normal","regular_play","NULL","41167",14,2362,"top",TRUE
898,"half_2",40774,"left_foot","normal","regular_play","NULL","NULL",17,2344,"middle",TRUE
899,"half_2",40787,"left_foot","normal","regular_play","NULL","NULL",32,2345,"top",TRUE
900,"half_2",40772,"right_foot","normal","counter_attack","NULL","40787",38,2344,"top",TRUE
901,"half_2",40771,"head","normal","regular_play","NULL","NULL",47,2344,"bottom",TRUE
1719,"half_1",42307,"right_foot","normal","regular_play","NULL","NULL",45,2417,"top",TRUE
1720,"half_2",42307,"head","normal","regular_play","NULL","NULL",29,2417,"top",TRUE
1721,"half_2",42307,"left_foot","normal","indirect_free_kick","NULL","42292",45,2417,"top",FALSE
1722,"half_1",42301,"left_foot","normal","regular_play","NULL","NULL",36,2416,"top",FALSE
1723,"half_1",42301,"right_foot","normal","direct_free_kick","NULL","NULL",41,2416,"top",FALSE
1724,"half_2",42294,"head","normal","corner_kick","NULL","NULL",22,2416,"top",TRUE
1725,"extra_time_2",42294,"right_foot","normal","regular_play","NULL","42314",2,2416,"top",TRUE
1726,"extra_time_2",42294,"right_foot","normal","regular_play","NULL","NULL",12,2416,"top",FALSE
1727,"half_2",42300,"right_foot","normal","regular_play","NULL","NULL",42,2416,"top",TRUE
1728,"half_2",42300,"right_foot","normal","counter_attack","NULL","NULL",46,2416,"middle",TRUE
1729,"half_2",42311,"left_foot","volley","regular_play","NULL","42288",49,2417,"top",TRUE
1730,"half_2",42312,"right_foot","normal","indirect_free_kick","NULL","NULL",51,2417,"top",FALSE
1731,"extra_time_1",42299,"right_foot","normal","regular_play","NULL","NULL",13,2416,"top",FALSE
902,"half_1",40826,"right_foot","normal","regular_play","NULL","40812",18,2347,"top",FALSE
903,"half_1",40826,"right_foot","normal","direct_free_kick","NULL","40809",19,2347,"top",FALSE
904,"half_2",40826,"right_foot","normal","regular_play","NULL","NULL",37,2347,"top",FALSE
905,"half_1",40836,"left_foot","normal","regular_play","NULL","40812",19,2347,"top",TRUE
906,"half_2",40836,"left_foot","normal","regular_play","NULL","NULL",4,2347,"top",TRUE
907,"half_1",40830,"right_foot","normal","regular_play","NULL","40807",23,2347,"top",TRUE
908,"half_1",40830,"left_foot","normal","regular_play","NULL","NULL",28,2347,"top",TRUE
909,"half_1",40830,"right_foot","normal","regular_play","NULL","NULL",28,2347,"top",TRUE
910,"half_1",40830,"head","normal","corner_kick","NULL","NULL",44,2347,"top",TRUE
911,"half_1",40827,"left_foot","normal","regular_play","NULL","40807",23,2347,"top",FALSE
912,"half_1",40827,"left_foot","normal","regular_play","NULL","NULL",33,2347,"top",FALSE
913,"half_1",40818,"right_foot","normal","regular_play","NULL","40832",24,2346,"top",TRUE
914,"half_1",40812,"right_foot","normal","regular_play","NULL","NULL",45,2346,"top",FALSE
915,"half_2",40810,"right_foot","normal","regular_play","NULL","40834",12,2346,"top",TRUE
916,"half_2",40820,"right_foot","normal","indirect_free_kick","NULL","NULL",24,2346,"top",TRUE
917,"half_2",40816,"head","normal","indirect_free_kick","NULL","NULL",29,2346,"top",TRUE
918,"half_2",40829,"left_foot","normal","regular_play","NULL","NULL",31,2347,"top",FALSE
919,"half_2",40821,"right_foot","normal","regular_play","NULL","40833",48,2346,"top",TRUE
920,"half_2",40807,"head","normal","corner_kick","NULL","NULL",51,2346,"top",TRUE
1063,"half_1",41179,"right_foot","normal","regular_play","NULL","41174",33,2363,"top",FALSE
1064,"half_1",41171,"right_foot","normal","regular_play","NULL","NULL",33,2363,"top",FALSE
1065,"half_2",41171,"right_foot","volley","regular_play","NULL","NULL",13,2363,"middle",TRUE
1066,"half_1",41173,"left_foot","normal","regular_play","NULL","NULL",34,2363,"top",TRUE
1067,"half_2",41173,"right_foot","normal","regular_play","NULL","41162",1,2363,"top",TRUE
1068,"half_1",41174,"right_foot","normal","regular_play","NULL","41150",37,2363,"top",TRUE
1069,"half_2",41174,"head","normal","indirect_free_kick","NULL","NULL",9,2363,"top",TRUE
1070,"half_2",41154,"head","normal","corner_kick","NULL","41171",5,2362,"top",TRUE
1071,"half_2",41161,"left_foot","volley","regular_play","NULL","NULL",6,2362,"top",TRUE
1072,"half_2",41159,"left_foot","normal","throw_in","NULL","NULL",17,2362,"top",TRUE
1073,"half_2",41162,"right_foot","volley","indirect_free_kick","NULL","NULL",21,2362,"top",TRUE
1074,"half_2",41155,"head","normal","regular_play","NULL","NULL",37,2362,"top",TRUE
1075,"half_2",41180,"head","normal","regular_play","NULL","NULL",43,2363,"top",TRUE
1076,"half_2",41175,"left_foot","normal","regular_play","NULL","41163",46,2363,"top",TRUE
1143,"half_1",41353,"left_foot","volley","regular_play","NULL","NULL",2,2371,"top",TRUE
1144,"half_1",41353,"right_foot","normal","corner_kick","NULL","NULL",14,2371,"top",FALSE
1145,"half_1",41353,"right_foot","volley","indirect_free_kick","NULL","41338",27,2371,"top",FALSE
1146,"half_1",41353,"left_foot","normal","regular_play","NULL","41327",33,2371,"top",TRUE
1147,"half_2",41353,"left_foot","normal","regular_play","NULL","41335",2,2371,"top",FALSE
1148,"half_2",41353,"right_foot","volley","corner_kick","NULL","NULL",3,2371,"top",TRUE
1149,"half_2",41353,"right_foot","normal","regular_play","NULL","NULL",9,2371,"top",TRUE
1150,"half_1",41343,"right_foot","volley","indirect_free_kick","NULL","NULL",11,2371,"top",TRUE
1151,"half_1",41345,"right_foot","normal","regular_play","NULL","NULL",21,2371,"top",TRUE
1152,"half_2",41345,"head","normal","regular_play","NULL","NULL",26,2371,"top",TRUE
1153,"half_1",41346,"left_foot","normal","counter_attack","NULL","41353",35,2371,"top",TRUE
1154,"half_2",41346,"left_foot","normal","direct_free_kick","NULL","NULL",7,2371,"top",FALSE
1155,"half_2",41346,"left_foot","overhead_kick","counter_attack","NULL","NULL",9,2371,"top",TRUE
1156,"half_2",41346,"left_foot","normal","indirect_free_kick","NULL","NULL",12,2371,"top",TRUE
1157,"half_2",41346,"left_foot","normal","regular_play","NULL","NULL",16,2371,"top",FALSE
1158,"half_1",41348,"right_foot","volley","corner_kick","NULL","NULL",44,2371,"top",TRUE
1159,"half_2",41326,"left_foot","normal","corner_kick","NULL","NULL",22,2370,"top",TRUE
1160,"half_2",41337,"right_foot","normal","regular_play","NULL","41342",24,2370,"top",TRUE
1161,"half_2",41355,"right_foot","normal","indirect_free_kick","NULL","NULL",25,2371,"top",TRUE
1162,"half_2",41354,"right_foot","normal","regular_play","NULL","NULL",35,2371,"top",TRUE
1163,"half_2",41352,"right_foot","normal","corner_kick","NULL","41327",35,2371,"top",FALSE
1164,"half_2",41356,"right_foot","normal","direct_free_kick","NULL","NULL",38,2371,"top",FALSE
1165,"half_2",41330,"left_foot","normal","regular_play","NULL","NULL",47,2370,"top",TRUE
1198,"half_1",41421,"right_foot","normal","regular_play","NULL","NULL",10,2374,"top",TRUE
1199,"half_2",41421,"left_foot","normal","counter_attack","NULL","NULL",10,2374,"top",TRUE
1200,"half_2",41421,"left_foot","normal","counter_attack","NULL","NULL",23,2374,"top",TRUE
1201,"half_2",41421,"right_foot","normal","counter_attack","NULL","NULL",38,2374,"top",TRUE
1202,"half_2",41421,"left_foot","normal","regular_play","NULL","NULL",44,2374,"top",TRUE
1203,"half_1",41427,"left_foot","volley","regular_play","NULL","NULL",13,2374,"top",TRUE
1204,"half_1",41427,"right_foot","normal","regular_play","NULL","41432",20,2374,"top",TRUE
1205,"half_1",41436,"right_foot","volley","throw_in","NULL","NULL",17,2375,"top",TRUE
1206,"half_2",41436,"right_foot","normal","corner_kick","NULL","41437",7,2375,"top",TRUE
1207,"half_2",41436,"left_foot","normal","regular_play","NULL","NULL",28,2375,"top",TRUE
1208,"half_1",41416,"head","normal","corner_kick","NULL","41432",28,2374,"top",TRUE
1209,"half_1",41443,"left_foot","normal","throw_in","NULL","41428",31,2375,"top",TRUE
1210,"half_1",41443,"right_foot","normal","regular_play","NULL","41416",32,2375,"top",TRUE
1211,"half_2",41443,"right_foot","normal","regular_play","NULL","NULL",7,2375,"top",TRUE
1212,"half_2",41443,"right_foot","normal","indirect_free_kick","NULL","NULL",37,2375,"top",TRUE
1213,"half_1",41440,"left_foot","normal","throw_in","NULL","41424",31,2375,"top",TRUE
1214,"half_1",41438,"left_foot","normal","throw_in","NULL","NULL",31,2375,"top",FALSE
1215,"half_2",41438,"right_foot","normal","regular_play","NULL","NULL",23,2375,"top",FALSE
1216,"half_1",41445,"left_foot","normal","regular_play","NULL","41423",38,2375,"top",TRUE
1097,"half_1",41240,"left_foot","normal","regular_play","NULL","41259",11,2366,"top",TRUE
1098,"half_1",41264,"right_foot","normal","regular_play","NULL","NULL",22,2367,"top",TRUE
1099,"half_1",41264,"right_foot","normal","regular_play","NULL","41241",44,2367,"top",TRUE
1100,"half_1",41248,"right_foot","normal","regular_play","NULL","NULL",26,2366,"top",FALSE
1101,"half_1",41247,"right_foot","normal","regular_play","NULL","NULL",30,2366,"top",TRUE
1102,"half_1",41247,"right_foot","normal","regular_play","NULL","41261",41,2366,"top",TRUE
1103,"half_1",41263,"right_foot","normal","regular_play","NULL","NULL",35,2367,"top",TRUE
1104,"half_2",41263,"right_foot","normal","regular_play","NULL","NULL",14,2367,"top",TRUE
1105,"half_2",41263,"right_foot","normal","regular_play","NULL","NULL",45,2367,"top",TRUE
1106,"half_2",41261,"right_foot","normal","regular_play","NULL","NULL",1,2367,"top",TRUE
1107,"half_2",41241,"right_foot","normal","regular_play","NULL","NULL",6,2366,"top",FALSE
1108,"half_2",41245,"right_foot","normal","counter_attack","NULL","NULL",8,2366,"top",TRUE
1109,"half_2",41238,"right_foot","normal","regular_play","NULL","41253",24,2366,"top",TRUE
1110,"half_2",41246,"left_foot","normal","regular_play","NULL","NULL",33,2366,"top",FALSE
1111,"half_2",41260,"right_foot","normal","throw_in","NULL","NULL",37,2367,"top",TRUE
853,"half_1",40724,"left_foot","normal","counter_attack","NULL","NULL",13,2342,"top",FALSE
854,"half_1",40744,"right_foot","normal","regular_play","NULL","40715",16,2343,"top",TRUE
855,"half_1",40744,"left_foot","normal","regular_play","NULL","NULL",31,2343,"top",FALSE
856,"half_1",40738,"left_foot","normal","regular_play","NULL","40725",22,2343,"top",TRUE
857,"half_1",40738,"right_foot","normal","regular_play","NULL","40715",39,2343,"top",TRUE
858,"half_2",40738,"right_foot","normal","regular_play","NULL","NULL",15,2343,"top",TRUE
859,"half_2",40738,"right_foot","normal","regular_play","NULL","40715",20,2343,"top",TRUE
860,"half_1",40731,"right_foot","normal","regular_play","NULL","NULL",24,2343,"top",TRUE
861,"half_1",40739,"left_foot","normal","regular_play","NULL","40715",27,2343,"top",FALSE
862,"half_2",40739,"left_foot","normal","direct_free_kick","NULL","40719",29,2343,"top",FALSE
863,"half_1",40736,"left_foot","normal","regular_play","NULL","NULL",30,2343,"top",TRUE
864,"half_1",40741,"right_foot","normal","regular_play","NULL","NULL",35,2343,"top",TRUE
865,"half_2",40741,"left_foot","normal","direct_free_kick","NULL","40717",9,2343,"top",FALSE
866,"half_2",40741,"right_foot","normal","regular_play","NULL","NULL",17,2343,"top",TRUE
867,"half_1",40734,"right_foot","normal","regular_play","NULL","NULL",40,2343,"top",TRUE
868,"half_1",40720,"right_foot","normal","regular_play","NULL","NULL",43,2342,"top",TRUE
869,"half_2",40720,"right_foot","normal","regular_play","NULL","NULL",33,2342,"top",TRUE
870,"half_1",40715,"right_foot","normal","regular_play","NULL","NULL",45,2342,"top",TRUE
871,"half_2",40719,"right_foot","normal","regular_play","NULL","NULL",35,2342,"top",FALSE
872,"half_2",40740,"right_foot","normal","regular_play","NULL","40722",38,2343,"top",FALSE
873,"half_2",40745,"right_foot","normal","counter_attack","NULL","NULL",41,2343,"top",TRUE
874,"half_2",40745,"head","normal","corner_kick","NULL","NULL",42,2343,"top",TRUE
875,"half_2",40737,"right_foot","normal","regular_play","NULL","NULL",46,2343,"top",TRUE
877,"half_2",40743,"right_foot","normal","regular_play","NULL","NULL",47,2343,"top",TRUE
954,"half_1",40860,"right_foot","normal","regular_play","NULL","NULL",5,2348,"top",FALSE
955,"half_1",40860,"right_foot","normal","regular_play","NULL","NULL",12,2348,"top",TRUE
956,"half_2",40860,"right_foot","normal","regular_play","NULL","NULL",1,2348,"top",FALSE
957,"half_2",40860,"right_foot","normal","direct_free_kick","NULL","NULL",13,2348,"top",FALSE
958,"half_1",40869,"right_foot","normal","regular_play","NULL","NULL",6,2349,"top",TRUE
959,"half_1",40869,"right_foot","normal","corner_kick","NULL","40854",33,2349,"top",FALSE
960,"half_2",40869,"right_foot","normal","regular_play","NULL","40855",25,2349,"top",FALSE
961,"half_1",40858,"left_foot","normal","regular_play","NULL","40879",10,2348,"top",TRUE
962,"half_1",40858,"left_foot","normal","regular_play","NULL","NULL",28,2348,"top",FALSE
963,"half_1",40858,"left_foot","other","regular_play","NULL","NULL",46,2348,"top",TRUE
964,"half_2",40858,"left_foot","normal","regular_play","NULL","NULL",4,2348,"top",TRUE
965,"half_2",40858,"left_foot","normal","regular_play","NULL","40879",9,2348,"top",TRUE
966,"half_2",40858,"left_foot","normal","regular_play","NULL","40869",20,2348,"top",TRUE
967,"half_1",40867,"right_foot","normal","regular_play","NULL","NULL",17,2348,"top",TRUE
968,"half_1",40875,"left_foot","normal","regular_play","NULL","NULL",22,2349,"top",TRUE
969,"half_1",40875,"head","other","regular_play","NULL","NULL",35,2349,"top",TRUE
970,"half_1",40875,"left_foot","normal","regular_play","NULL","40859",44,2349,"top",TRUE
971,"half_2",40875,"right_foot","normal","regular_play","NULL","NULL",2,2349,"top",TRUE
972,"half_1",40863,"left_foot","normal","regular_play","NULL","NULL",24,2348,"top",TRUE
973,"half_2",40863,"right_foot","normal","regular_play","NULL","NULL",17,2348,"top",TRUE
974,"half_1",40859,"right_foot","normal","regular_play","NULL","NULL",30,2348,"top",TRUE
975,"half_2",40859,"left_foot","normal","regular_play","NULL","NULL",5,2348,"top",TRUE
976,"half_2",40859,"left_foot","normal","regular_play","NULL","NULL",7,2348,"top",FALSE
977,"half_2",40859,"left_foot","volley","regular_play","NULL","40870",44,2348,"top",TRUE
978,"half_2",40883,"right_foot","normal","regular_play","NULL","40853",17,2349,"top",TRUE
979,"half_2",40864,"right_foot","normal","regular_play","NULL","NULL",25,2348,"top",TRUE
980,"half_2",40852,"right_foot","normal","regular_play","NULL","40870",26,2348,"top",FALSE
981,"half_2",40852,"right_foot","normal","regular_play","NULL","NULL",41,2348,"top",TRUE
982,"half_2",40876,"right_foot","normal","regular_play","NULL","NULL",33,2349,"top",TRUE
983,"half_2",40857,"left_foot","normal","regular_play","NULL","40879",33,2348,"top",TRUE
984,"half_2",40856,"right_foot","normal","regular_play","NULL","NULL",36,2348,"top",TRUE
985,"half_2",40856,"left_foot","normal","corner_kick","NULL","NULL",38,2348,"top",TRUE
986,"half_2",40856,"left_foot","normal","regular_play","NULL","NULL",47,2348,"top",TRUE
987,"half_2",40874,"right_foot","normal","regular_play","NULL","40854",37,2349,"top",TRUE
988,"half_2",40861,"left_foot","volley","regular_play","NULL","NULL",41,2348,"top",FALSE
876,"half_2",40737,"right_foot","normal","penalty","NULL","NULL",50,2343,"top",FALSE
1217,"half_1",41423,"left_foot","normal","regular_play","NULL","NULL",46,2374,"top",TRUE
1218,"half_2",41437,"left_foot","normal","regular_play","NULL","NULL",7,2375,"top",TRUE
1219,"half_2",41419,"right_foot","normal","regular_play","NULL","NULL",15,2374,"top",FALSE
1220,"half_2",41419,"right_foot","normal","regular_play","NULL","41441",46,2374,"top",FALSE
1221,"half_2",41419,"right_foot","normal","regular_play","NULL","NULL",46,2374,"top",TRUE
1222,"half_2",41420,"right_foot","normal","direct_free_kick","NULL","NULL",25,2374,"top",FALSE
1223,"half_2",41420,"left_foot","normal","regular_play","NULL","NULL",45,2374,"top",TRUE
1224,"half_2",41420,"right_foot","normal","regular_play","NULL","NULL",46,2374,"top",FALSE
1225,"half_2",41422,"right_foot","normal","regular_play","NULL","NULL",27,2374,"top",FALSE
1226,"half_2",41439,"right_foot","normal","counter_attack","NULL","NULL",28,2375,"top",FALSE
1227,"half_2",41417,"right_foot","normal","regular_play","NULL","NULL",31,2374,"top",FALSE
1228,"half_2",41442,"right_foot","normal","regular_play","NULL","NULL",34,2375,"top",TRUE
1229,"half_2",41426,"right_foot","normal","regular_play","NULL","41437",46,2374,"top",TRUE
1230,"half_1",41481,"right_foot","volley","counter_attack","NULL","NULL",2,2377,"top",TRUE
1231,"half_1",41465,"left_foot","normal","regular_play","NULL","NULL",22,2376,"top",TRUE
1232,"half_1",41465,"left_foot","normal","regular_play","NULL","41476",28,2376,"top",TRUE
1233,"half_1",41465,"right_foot","normal","regular_play","NULL","NULL",30,2376,"top",TRUE
1234,"half_1",41465,"left_foot","volley","regular_play","NULL","41476",43,2376,"top",TRUE
1235,"half_2",41465,"left_foot","normal","regular_play","NULL","41489",19,2376,"top",TRUE
1236,"half_1",41480,"left_foot","normal","regular_play","NULL","NULL",23,2377,"top",TRUE
1237,"half_2",41480,"left_foot","normal","regular_play","NULL","41467",25,2377,"top",TRUE
1238,"half_1",41472,"right_foot","volley","regular_play","NULL","NULL",25,2376,"top",TRUE
1239,"half_2",41472,"right_foot","normal","regular_play","NULL","NULL",11,2376,"top",TRUE
1240,"half_2",41472,"right_foot","normal","regular_play","NULL","NULL",18,2376,"top",FALSE
1241,"half_1",41474,"right_foot","normal","counter_attack","NULL","NULL",34,2376,"top",FALSE
1242,"half_2",41474,"left_foot","normal","regular_play","NULL","NULL",6,2376,"top",TRUE
1243,"half_2",41477,"left_foot","volley","indirect_free_kick","NULL","NULL",7,2377,"top",TRUE
1244,"half_2",41488,"right_foot","normal","regular_play","NULL","NULL",17,2377,"top",TRUE
1245,"half_2",41488,"right_foot","normal","counter_attack","NULL","NULL",47,2377,"top",TRUE
1246,"half_2",41467,"right_foot","normal","regular_play","NULL","NULL",20,2376,"top",FALSE
1247,"half_2",41468,"right_foot","normal","regular_play","NULL","41480",20,2376,"top",TRUE
1248,"half_2",41461,"head","normal","corner_kick","NULL","NULL",21,2376,"bottom",TRUE
1249,"half_2",41485,"right_foot","volley","counter_attack","NULL","NULL",28,2377,"top",FALSE
1250,"half_2",41485,"right_foot","normal","regular_play","NULL","NULL",43,2377,"top",FALSE
1251,"half_2",41476,"left_foot","normal","indirect_free_kick","NULL","NULL",38,2377,"top",TRUE
1252,"half_2",41484,"left_foot","normal","regular_play","NULL","NULL",41,2377,"top",TRUE
1253,"half_2",41466,"left_foot","normal","regular_play","NULL","NULL",44,2376,"top",TRUE
1254,"half_2",41478,"head","normal","regular_play","NULL","NULL",46,2377,"top",TRUE
1255,"half_2",41478,"head","normal","regular_play","NULL","NULL",50,2377,"top",TRUE
1256,"half_1",41524,"right_foot","normal","regular_play","NULL","NULL",3,2379,"top",TRUE
1257,"half_1",41512,"left_foot","normal","regular_play","NULL","41535",12,2378,"top",TRUE
1258,"half_1",41512,"left_foot","normal","regular_play","NULL","NULL",19,2378,"top",TRUE
1259,"half_1",41510,"right_foot","normal","regular_play","NULL","NULL",21,2378,"top",TRUE
1260,"half_1",41532,"right_foot","normal","regular_play","NULL","NULL",22,2379,"top",FALSE
1261,"half_1",41533,"head","normal","regular_play","NULL","NULL",33,2379,"top",TRUE
1262,"half_1",41533,"head","normal","regular_play","NULL","NULL",41,2379,"top",TRUE
1263,"half_1",41509,"left_foot","normal","throw_in","NULL","NULL",37,2378,"top",TRUE
1264,"half_1",41509,"right_foot","normal","regular_play","NULL","41530",43,2378,"top",TRUE
1265,"half_2",41509,"right_foot","normal","regular_play","NULL","41529",15,2378,"middle",TRUE
1266,"half_1",41519,"left_foot","normal","regular_play","NULL","NULL",38,2378,"top",TRUE
1267,"half_1",41517,"left_foot","normal","regular_play","NULL","NULL",41,2378,"top",TRUE
1268,"half_2",41513,"left_foot","normal","regular_play","NULL","NULL",11,2378,"top",TRUE
1269,"half_2",41516,"right_foot","normal","regular_play","NULL","NULL",12,2378,"top",TRUE
1270,"half_2",41516,"right_foot","overhead_kick","indirect_free_kick","NULL","NULL",44,2378,"middle",TRUE
1271,"half_2",41525,"right_foot","normal","regular_play","NULL","41506",16,2379,"top",TRUE
1272,"half_2",41531,"head","normal","regular_play","NULL","NULL",17,2379,"top",TRUE
1273,"half_2",41518,"right_foot","normal","regular_play","NULL","NULL",23,2378,"top",TRUE
1274,"half_2",41518,"right_foot","normal","regular_play","NULL","NULL",31,2378,"top",TRUE
1275,"half_2",41518,"right_foot","normal","regular_play","NULL","NULL",34,2378,"top",TRUE
1276,"half_2",41507,"head","normal","corner_kick","NULL","NULL",26,2378,"middle",TRUE
1277,"half_2",41507,"head","normal","corner_kick","NULL","NULL",38,2378,"bottom",TRUE
1278,"half_2",41514,"head","normal","regular_play","NULL","NULL",30,2378,"top",TRUE
1279,"half_2",41526,"left_foot","normal","regular_play","NULL","NULL",44,2379,"top",TRUE
1280,"half_2",41511,"right_foot","normal","regular_play","NULL","NULL",47,2378,"top",TRUE
1281,"half_1",41575,"left_foot","volley","regular_play","NULL","NULL",6,2381,"top",TRUE
1282,"half_1",41575,"left_foot","normal","counter_attack","NULL","NULL",33,2381,"top",TRUE
1283,"half_2",41575,"left_foot","normal","regular_play","NULL","NULL",24,2381,"top",TRUE
1284,"half_1",41564,"left_foot","normal","regular_play","NULL","NULL",20,2380,"top",TRUE
1285,"half_1",41551,"right_foot","normal","regular_play","NULL","41569",25,2380,"top",FALSE
1286,"half_1",41580,"left_foot","normal","regular_play","NULL","41563",41,2381,"top",FALSE
1287,"half_2",41580,"head","normal","regular_play","NULL","NULL",33,2381,"top",FALSE
1288,"half_1",41552,"right_foot","normal","regular_play","NULL","NULL",46,2380,"top",TRUE
1289,"half_2",41565,"right_foot","normal","regular_play","NULL","NULL",2,2380,"top",TRUE
1290,"half_2",41565,"right_foot","normal","regular_play","NULL","NULL",46,2380,"top",FALSE
1291,"half_2",41558,"left_foot","normal","direct_free_kick","NULL","NULL",3,2380,"top",FALSE
1292,"half_2",41558,"right_foot","normal","regular_play","NULL","NULL",38,2380,"bottom",TRUE
1293,"half_2",41558,"left_foot","normal","corner_kick","NULL","NULL",45,2380,"top",FALSE
1294,"half_2",41571,"right_foot","volley","regular_play","NULL","NULL",3,2381,"top",TRUE
1295,"half_2",41571,"right_foot","normal","counter_attack","NULL","NULL",35,2381,"top",TRUE
1296,"half_2",41572,"head","normal","regular_play","NULL","NULL",14,2381,"top",TRUE
1297,"half_2",41572,"right_foot","normal","regular_play","NULL","NULL",15,2381,"top",TRUE
1298,"half_2",41572,"left_foot","normal","regular_play","NULL","NULL",40,2381,"top",TRUE
1299,"half_2",41553,"left_foot","volley","indirect_free_kick","NULL","NULL",18,2380,"top",TRUE
1300,"half_2",41573,"left_foot","normal","counter_attack","NULL","NULL",19,2381,"top",TRUE
1301,"half_2",41578,"right_foot","normal","counter_attack","NULL","NULL",20,2381,"top",FALSE
1302,"half_2",41578,"left_foot","normal","regular_play","NULL","NULL",31,2381,"top",TRUE
1303,"half_2",41569,"right_foot","normal","regular_play","NULL","NULL",27,2381,"top",TRUE
1304,"half_2",41574,"right_foot","normal","regular_play","NULL","41552",30,2381,"top",TRUE
1305,"half_2",41574,"left_foot","normal","direct_free_kick","NULL","41561",51,2381,"top",FALSE
1306,"half_2",41557,"right_foot","normal","regular_play","NULL","41576",48,2380,"top",TRUE
2427,"half_1",43977,"head","normal","regular_play","NULL","NULL",2,2490,"top",TRUE
2428,"half_1",43977,"right_foot","normal","regular_play","NULL","43990",2,2490,"top",FALSE
2429,"half_1",43979,"right_foot","normal","regular_play","NULL","43989",2,2490,"top",TRUE
2430,"half_2",43979,"left_foot","normal","regular_play","NULL","43988",10,2490,"top",TRUE
2431,"half_2",43979,"right_foot","normal","regular_play","NULL","NULL",17,2490,"top",TRUE
2432,"half_1",43993,"left_foot","normal","corner_kick","NULL","NULL",10,2491,"top",TRUE
2433,"half_1",43999,"left_foot","volley","regular_play","NULL","NULL",12,2491,"top",TRUE
2434,"half_1",43989,"right_foot","normal","regular_play","NULL","NULL",14,2491,"top",TRUE
2435,"half_1",43998,"left_foot","normal","regular_play","NULL","NULL",15,2491,"top",TRUE
2436,"half_1",43975,"head","normal","corner_kick","NULL","NULL",30,2490,"top",TRUE
2437,"half_1",43976,"right_foot","normal","penalty","NULL","NULL",39,2490,"top",FALSE
2438,"half_1",43976,"right_foot","normal","regular_play","NULL","NULL",40,2490,"top",TRUE
2439,"half_2",43976,"right_foot","normal","counter_attack","NULL","NULL",16,2490,"top",FALSE
2440,"half_2",43976,"left_foot","normal","regular_play","NULL","NULL",16,2490,"top",TRUE
2441,"half_1",43978,"right_foot","normal","regular_play","NULL","43999",45,2490,"top",FALSE
2442,"half_2",43997,"right_foot","normal","regular_play","NULL","NULL",3,2491,"top",TRUE
1909,"half_2",42684,"head","normal","regular_play","NULL","NULL",45,2434,"top",TRUE
1910,"extra_time_1",42688,"head","normal","regular_play","NULL","NULL",2,2434,"top",TRUE
1911,"extra_time_1",42710,"left_foot","volley","regular_play","NULL","NULL",4,2435,"middle",TRUE
1912,"extra_time_2",42710,"right_foot","normal","regular_play","NULL","42685",17,2435,"top",TRUE
1913,"extra_time_1",42715,"right_foot","normal","regular_play","NULL","NULL",16,2435,"top",TRUE
1914,"extra_time_2",42715,"left_foot","normal","corner_kick","NULL","NULL",13,2435,"top",TRUE
1915,"extra_time_2",42711,"left_foot","normal","regular_play","NULL","42701",16,2435,"top",TRUE
1916,"extra_time_2",42711,"right_foot","volley","regular_play","NULL","NULL",16,2435,"top",TRUE
1917,"extra_time_2",42719,"left_foot","normal","regular_play","NULL","42685",17,2435,"top",TRUE
2443,"half_2",43990,"head","other","corner_kick","NULL","NULL",6,2491,"top",TRUE
2444,"half_2",43980,"right_foot","normal","regular_play","NULL","43992",14,2490,"top",FALSE
2445,"half_2",43992,"left_foot","normal","regular_play","NULL","43973",20,2491,"top",TRUE
2446,"half_2",44001,"right_foot","normal","regular_play","NULL","NULL",25,2491,"middle",TRUE
2447,"half_2",43985,"right_foot","normal","regular_play","NULL","43990",29,2490,"top",TRUE
2448,"half_2",43996,"head","other","regular_play","NULL","NULL",33,2491,"top",TRUE
2449,"half_2",44000,"left_foot","normal","regular_play","NULL","43975",41,2491,"top",TRUE
2450,"half_2",43995,"left_foot","normal","regular_play","NULL","NULL",43,2491,"top",TRUE
2451,"half_2",43991,"right_foot","normal","penalty","NULL","NULL",49,2491,"top",FALSE
1883,"half_1",42690,"left_foot","normal","regular_play","NULL","NULL",5,2434,"top",TRUE
1884,"half_1",42690,"left_foot","normal","regular_play","NULL","NULL",24,2434,"top",TRUE
1885,"half_1",42690,"right_foot","normal","counter_attack","NULL","NULL",32,2434,"top",TRUE
1886,"half_1",42695,"left_foot","normal","regular_play","NULL","NULL",5,2434,"top",FALSE
1887,"half_2",42695,"left_foot","normal","regular_play","NULL","42707",42,2434,"top",TRUE
1888,"half_1",42689,"left_foot","normal","regular_play","NULL","NULL",14,2434,"top",TRUE
1889,"half_1",42689,"left_foot","normal","counter_attack","NULL","NULL",40,2434,"top",FALSE
1890,"half_2",42689,"left_foot","normal","regular_play","NULL","NULL",7,2434,"top",TRUE
1891,"half_2",42689,"head","normal","corner_kick","NULL","42713",12,2434,"top",TRUE
1892,"half_2",42689,"left_foot","normal","regular_play","NULL","NULL",24,2434,"top",TRUE
1893,"half_1",42712,"head","normal","indirect_free_kick","NULL","NULL",23,2435,"top",TRUE
1894,"half_1",42709,"right_foot","normal","regular_play","NULL","NULL",24,2435,"top",TRUE
1895,"half_1",42709,"head","normal","indirect_free_kick","NULL","NULL",45,2435,"top",TRUE
1896,"half_2",42709,"right_foot","normal","regular_play","NULL","42691",34,2435,"top",TRUE
1897,"half_1",42716,"head","normal","corner_kick","NULL","NULL",30,2435,"top",TRUE
1898,"half_1",42716,"head","normal","regular_play","NULL","NULL",33,2435,"top",TRUE
3369,"half_1",65576,"head","normal","corner_kick","NULL","NULL",8,3752,"top",TRUE
3370,"half_2",65576,"head","normal","corner_kick","NULL","NULL",13,3752,"top",TRUE
3371,"half_1",65577,"left_foot","normal","corner_kick","NULL","65593",8,3752,"top",TRUE
3372,"half_2",65577,"head","normal","direct_free_kick","NULL","NULL",32,3752,"top",TRUE
3373,"half_1",65586,"left_foot","normal","regular_play","NULL","NULL",19,3752,"top",TRUE
3374,"half_1",65588,"right_foot","normal","regular_play","NULL","65597",27,3752,"top",TRUE
3375,"half_1",65597,"right_foot","volley","corner_kick","NULL","NULL",46,3753,"top",FALSE
3376,"half_2",65597,"right_foot","normal","regular_play","NULL","NULL",49,3753,"top",FALSE
3377,"half_2",65603,"right_foot","normal","regular_play","NULL","NULL",1,3753,"top",TRUE
3378,"half_2",65594,"left_foot","normal","regular_play","NULL","NULL",9,3753,"top",TRUE
3379,"half_2",65593,"left_foot","normal","corner_kick","NULL","NULL",10,3753,"top",FALSE
3380,"half_2",65582,"right_foot","normal","regular_play","NULL","65599",15,3752,"top",TRUE
3381,"half_2",65580,"right_foot","normal","throw_in","NULL","NULL",16,3752,"top",TRUE
3382,"half_2",65580,"right_foot","normal","penalty","NULL","NULL",28,3752,"top",FALSE
3383,"half_2",65598,"right_foot","normal","regular_play","NULL","NULL",40,3753,"top",FALSE
3349,"half_1",65552,"left_foot","normal","regular_play","NULL","NULL",6,3751,"top",TRUE
1477,"half_1",41866,"left_foot","normal","regular_play","NULL","41840",4,2397,"top",FALSE
1478,"half_1",41846,"right_foot","normal","regular_play","NULL","NULL",7,2396,"top",TRUE
3350,"half_1",65552,"left_foot","normal","corner_kick","NULL","65537",30,3751,"top",TRUE
1480,"half_2",41849,"left_foot","normal","regular_play","NULL","41863",3,2396,"bottom",TRUE
1481,"half_2",41849,"left_foot","normal","regular_play","NULL","NULL",7,2396,"bottom",TRUE
1482,"half_1",41842,"right_foot","normal","regular_play","NULL","NULL",38,2396,"top",FALSE
1483,"half_2",41842,"right_foot","normal","regular_play","NULL","NULL",10,2396,"top",FALSE
1484,"half_2",41842,"right_foot","normal","regular_play","NULL","41868",28,2396,"top",TRUE
1485,"half_2",41842,"right_foot","normal","corner_kick","NULL","NULL",38,2396,"top",TRUE
1486,"half_1",41873,"left_foot","normal","regular_play","NULL","NULL",39,2397,"top",FALSE
1487,"half_2",41843,"left_foot","normal","regular_play","NULL","41863",3,2396,"top",TRUE
1488,"half_2",41843,"right_foot","volley","corner_kick","NULL","NULL",33,2396,"top",FALSE
1489,"half_2",41844,"right_foot","volley","regular_play","NULL","NULL",3,2396,"top",TRUE
1490,"half_2",41845,"head","normal","corner_kick","NULL","NULL",8,2396,"middle",TRUE
1491,"half_2",41850,"right_foot","normal","regular_play","NULL","NULL",24,2396,"middle",TRUE
1492,"half_2",41871,"left_foot","normal","regular_play","NULL","NULL",37,2397,"top",TRUE
1493,"half_2",41880,"left_foot","normal","regular_play","NULL","NULL",39,2397,"top",FALSE
1494,"half_1",41886,"head","normal","corner_kick","NULL","41913",8,2398,"top",TRUE
1495,"half_1",41916,"right_foot","normal","regular_play","NULL","NULL",10,2399,"top",TRUE
1496,"half_1",41916,"right_foot","normal","regular_play","NULL","NULL",37,2399,"top",FALSE
1497,"half_2",41916,"head","other","regular_play","NULL","NULL",25,2399,"top",TRUE
1498,"half_2",41916,"right_foot","volley","corner_kick","NULL","NULL",33,2399,"top",TRUE
1499,"half_2",41916,"right_foot","normal","regular_play","NULL","41891",38,2399,"top",TRUE
1500,"half_2",41916,"right_foot","normal","counter_attack","NULL","NULL",40,2399,"top",TRUE
1501,"half_1",41887,"left_foot","normal","indirect_free_kick","NULL","NULL",15,2398,"top",TRUE
1502,"half_1",41885,"right_foot","volley","corner_kick","NULL","41910",15,2398,"top",FALSE
1503,"half_1",41885,"right_foot","normal","regular_play","NULL","41911",16,2398,"top",FALSE
1504,"half_2",41885,"right_foot","normal","corner_kick","NULL","NULL",14,2398,"top",FALSE
1505,"half_1",41890,"right_foot","normal","regular_play","NULL","NULL",16,2398,"top",TRUE
1506,"half_1",41894,"right_foot","normal","regular_play","NULL","NULL",18,2398,"top",TRUE
1507,"half_1",41894,"right_foot","normal","regular_play","NULL","41910",46,2398,"top",TRUE
1508,"half_1",41914,"right_foot","normal","regular_play","NULL","NULL",24,2399,"top",FALSE
1509,"half_1",41914,"right_foot","normal","regular_play","NULL","NULL",40,2399,"top",FALSE
1510,"half_1",41914,"left_foot","normal","regular_play","NULL","NULL",44,2399,"top",TRUE
1511,"half_2",41914,"right_foot","normal","regular_play","NULL","41890",22,2399,"top",TRUE
1512,"half_1",41910,"head","normal","regular_play","NULL","NULL",25,2399,"top",TRUE
1513,"half_1",41912,"right_foot","normal","direct_free_kick","NULL","41887",28,2399,"top",FALSE
1514,"half_2",41912,"left_foot","normal","regular_play","NULL","41891",7,2399,"top",TRUE
1515,"half_2",41912,"right_foot","other","regular_play","NULL","41886",12,2399,"top",TRUE
1516,"half_1",41913,"head","normal","corner_kick","NULL","NULL",38,2399,"top",TRUE
1517,"half_1",41913,"head","normal","indirect_free_kick","NULL","NULL",43,2399,"top",TRUE
1518,"half_2",41891,"left_foot","normal","throw_in","NULL","NULL",4,2398,"top",TRUE
1519,"half_2",41908,"left_foot","normal","regular_play","NULL","NULL",8,2399,"top",TRUE
1520,"half_2",41908,"left_foot","normal","regular_play","NULL","NULL",39,2399,"top",TRUE
1521,"half_2",41898,"left_foot","normal","indirect_free_kick","NULL","41908",20,2398,"top",TRUE
1522,"half_2",41898,"left_foot","normal","regular_play","NULL","NULL",39,2398,"middle",FALSE
1523,"half_2",41903,"head","other","regular_play","NULL","NULL",20,2398,"top",TRUE
1524,"half_2",41915,"right_foot","normal","regular_play","NULL","NULL",24,2399,"top",TRUE
1525,"half_2",41896,"right_foot","normal","corner_kick","NULL","NULL",52,2398,"top",FALSE
158,"half_2",39426,"left_foot","normal","penalty","NULL","NULL",8,2284,"top",FALSE
175,"half_1",39489,"right_foot","normal","penalty","NULL","NULL",48,2287,"top",FALSE
3351,"half_1",65539,"right_foot","normal","counter_attack","NULL","NULL",16,3750,"top",FALSE
287,"half_2",39703,"right_foot","normal","penalty","NULL","NULL",37,2296,"top",FALSE
390,"half_1",39930,"right_foot","normal","penalty","NULL","NULL",35,2306,"top",FALSE
418,"half_1",39978,"right_foot","normal","penalty","NULL","NULL",26,2308,"top",FALSE
1479,"half_1",41849,"left_foot","normal","penalty","NULL","NULL",31,2396,"top",FALSE
3352,"half_1",65539,"right_foot","normal","regular_play","NULL","NULL",24,3750,"top",TRUE
3353,"half_1",65539,"right_foot","normal","counter_attack","NULL","NULL",33,3750,"top",TRUE
3354,"half_1",65557,"right_foot","normal","regular_play","NULL","NULL",21,3751,"top",TRUE
3355,"half_2",65557,"right_foot","normal","counter_attack","NULL","NULL",47,3751,"top",TRUE
3356,"half_1",65553,"right_foot","overhead_kick","throw_in","NULL","NULL",23,3751,"top",TRUE
3357,"half_1",65553,"right_foot","normal","regular_play","NULL","NULL",37,3751,"top",TRUE
3358,"half_2",65553,"right_foot","normal","regular_play","NULL","NULL",7,3751,"top",TRUE
3359,"half_2",65553,"right_foot","normal","regular_play","NULL","65541",18,3751,"top",TRUE
3360,"half_1",65535,"right_foot","normal","counter_attack","NULL","NULL",30,3750,"top",TRUE
3361,"half_1",65547,"head","other","corner_kick","NULL","NULL",38,3751,"top",TRUE
3362,"half_1",65534,"left_foot","normal","regular_play","NULL","NULL",41,3750,"top",TRUE
3363,"half_1",65543,"right_foot","normal","counter_attack","NULL","NULL",46,3750,"top",TRUE
3364,"half_1",65549,"right_foot","normal","regular_play","NULL","NULL",47,3751,"top",TRUE
3365,"half_2",65544,"right_foot","normal","counter_attack","NULL","NULL",18,3750,"top",FALSE
3366,"half_2",65551,"left_foot","normal","regular_play","NULL","NULL",23,3751,"top",TRUE
3367,"half_2",65540,"right_foot","normal","counter_attack","NULL","65547",33,3750,"top",TRUE
3368,"half_2",65542,"left_foot","normal","regular_play","NULL","NULL",40,3750,"top",TRUE
1899,"half_1",42716,"head","normal","regular_play","NULL","NULL",46,2435,"top",TRUE
1900,"half_2",42716,"left_foot","normal","regular_play","NULL","42689",4,2435,"top",TRUE
1901,"half_1",42694,"right_foot","normal","counter_attack","NULL","NULL",34,2434,"top",TRUE
1902,"half_2",42717,"right_foot","normal","regular_play","NULL","NULL",5,2435,"top",FALSE
1903,"half_2",42717,"left_foot","normal","counter_attack","NULL","NULL",12,2435,"top",TRUE
1904,"half_2",42717,"right_foot","normal","corner_kick","NULL","NULL",16,2435,"top",TRUE
1905,"half_2",42717,"right_foot","normal","regular_play","NULL","NULL",39,2435,"top",FALSE
1906,"half_2",42717,"right_foot","normal","regular_play","NULL","NULL",48,2435,"top",TRUE
1907,"half_2",42691,"left_foot","normal","regular_play","NULL","NULL",36,2434,"top",FALSE
1908,"half_2",42727,"right_foot","normal","regular_play","NULL","NULL",38,2434,"top",TRUE
1621,"half_1",42166,"left_foot","normal","regular_play","NULL","NULL",3,2410,"top",FALSE
1622,"half_1",42166,"left_foot","normal","regular_play","NULL","42170",7,2410,"top",TRUE
1623,"half_1",42166,"left_foot","normal","corner_kick","NULL","42170",11,2410,"top",FALSE
1624,"half_1",42166,"left_foot","normal","regular_play","NULL","NULL",12,2410,"top",TRUE
1625,"half_2",42166,"right_foot","normal","regular_play","NULL","NULL",17,2410,"top",TRUE
1626,"half_2",42166,"right_foot","normal","regular_play","NULL","42181",38,2410,"top",TRUE
1627,"half_2",42166,"left_foot","normal","regular_play","NULL","NULL",41,2410,"top",TRUE
1628,"half_1",42173,"left_foot","normal","counter_attack","NULL","NULL",5,2411,"top",TRUE
1629,"half_1",42182,"right_foot","normal","regular_play","NULL","42167",36,2411,"top",TRUE
1630,"half_1",42167,"right_foot","normal","regular_play","NULL","NULL",47,2410,"top",TRUE
1631,"half_2",42154,"right_foot","normal","regular_play","NULL","42176",12,2410,"top",TRUE
1632,"half_2",42171,"left_foot","normal","regular_play","NULL","NULL",14,2411,"top",FALSE
1633,"half_2",42169,"left_foot","overhead_kick","corner_kick","NULL","NULL",14,2411,"top",TRUE
1634,"half_2",42161,"right_foot","normal","regular_play","NULL","NULL",20,2410,"top",TRUE
1635,"half_2",42174,"left_foot","normal","counter_attack","NULL","NULL",27,2411,"top",FALSE
1636,"half_2",42180,"left_foot","normal","regular_play","NULL","NULL",42,2411,"top",TRUE
1637,"half_2",42158,"left_foot","normal","regular_play","NULL","NULL",48,2410,"top",FALSE
1638,"half_1",42217,"right_foot","normal","regular_play","NULL","NULL",2,2413,"top",TRUE
1639,"half_1",42208,"left_foot","normal","regular_play","NULL","NULL",8,2412,"top",TRUE
1640,"half_2",42208,"right_foot","normal","regular_play","NULL","42220",2,2412,"top",TRUE
1641,"half_2",42208,"right_foot","normal","regular_play","NULL","42212",41,2412,"top",TRUE
1642,"half_1",42207,"right_foot","normal","regular_play","NULL","NULL",8,2412,"top",TRUE
1643,"half_2",42207,"left_foot","normal","regular_play","NULL","NULL",14,2412,"top",TRUE
1644,"half_2",42207,"right_foot","normal","regular_play","NULL","NULL",21,2412,"top",FALSE
1645,"half_2",42207,"right_foot","normal","counter_attack","NULL","42220",25,2412,"top",FALSE
1646,"half_1",42203,"right_foot","normal","regular_play","NULL","NULL",14,2412,"top",FALSE
1647,"half_1",42203,"left_foot","normal","regular_play","NULL","NULL",14,2412,"top",TRUE
1648,"half_2",42203,"head","other","regular_play","NULL","NULL",29,2412,"top",TRUE
1649,"half_1",42221,"left_foot","normal","regular_play","NULL","NULL",17,2413,"top",TRUE
1650,"half_1",42221,"left_foot","normal","regular_play","NULL","42200",40,2413,"top",TRUE
1651,"half_1",42211,"left_foot","normal","regular_play","NULL","42238",20,2413,"top",TRUE
1652,"half_1",42216,"right_foot","normal","regular_play","NULL","NULL",25,2413,"top",TRUE
1653,"half_1",42216,"head","other","regular_play","NULL","NULL",37,2413,"top",TRUE
1654,"half_1",42214,"head","other","regular_play","NULL","NULL",30,2413,"top",TRUE
1655,"half_1",42214,"right_foot","normal","regular_play","NULL","NULL",31,2413,"top",TRUE
1656,"half_1",42212,"right_foot","normal","regular_play","NULL","42196",41,2413,"top",TRUE
1657,"half_2",42225,"right_foot","normal","regular_play","NULL","NULL",1,2413,"top",TRUE
1658,"half_2",42225,"head","other","regular_play","NULL","NULL",4,2413,"top",TRUE
1659,"half_2",42225,"head","other","regular_play","NULL","NULL",23,2413,"top",TRUE
1660,"half_2",42225,"head","other","regular_play","NULL","NULL",45,2413,"top",TRUE
1661,"half_2",42225,"head","normal","regular_play","NULL","NULL",47,2413,"top",TRUE
1662,"half_2",42206,"left_foot","normal","regular_play","NULL","42222",25,2412,"top",FALSE
1663,"half_2",42202,"right_foot","normal","counter_attack","NULL","NULL",30,2412,"top",FALSE
1664,"half_2",42205,"left_foot","normal","regular_play","NULL","42214",44,2412,"top",TRUE
1665,"half_2",42205,"left_foot","normal","counter_attack","NULL","NULL",48,2412,"top",TRUE
3384,"half_2",65589,"left_foot","normal","direct_free_kick","NULL","NULL",44,3752,"top",TRUE
3385,"half_2",65605,"head","normal","regular_play","NULL","NULL",47,3753,"top",TRUE
3386,"half_2",65583,"right_foot","normal","regular_play","NULL","NULL",52,3752,"top",TRUE
3480,"half_1",65765,"left_foot","normal","regular_play","NULL","NULL",3,3760,"top",TRUE
3481,"half_2",65765,"right_foot","normal","regular_play","NULL","65789",3,3760,"top",TRUE
3482,"half_1",65770,"right_foot","normal","regular_play","NULL","NULL",10,3760,"top",TRUE
3483,"half_1",65771,"right_foot","normal","corner_kick","NULL","NULL",18,3760,"top",TRUE
3484,"half_1",65771,"right_foot","normal","regular_play","NULL","NULL",19,3760,"top",TRUE
3485,"half_1",65771,"left_foot","normal","regular_play","NULL","NULL",29,3760,"top",TRUE
3486,"half_2",65771,"right_foot","normal","regular_play","NULL","NULL",21,3760,"middle",TRUE
3487,"half_1",65769,"head","normal","regular_play","NULL","NULL",18,3760,"top",TRUE
3488,"half_2",65769,"head","other","corner_kick","NULL","NULL",44,3760,"bottom",TRUE
3489,"half_1",65780,"right_foot","normal","regular_play","NULL","NULL",36,3761,"top",TRUE
3490,"half_2",65780,"left_foot","normal","regular_play","NULL","NULL",4,3761,"top",FALSE
3491,"half_2",65780,"right_foot","normal","indirect_free_kick","NULL","65769",46,3761,"top",FALSE
3492,"half_1",65768,"right_foot","normal","regular_play","NULL","NULL",42,3760,"top",TRUE
3493,"half_1",65783,"left_foot","normal","regular_play","NULL","NULL",44,3761,"top",TRUE
3494,"half_1",65774,"right_foot","normal","regular_play","NULL","NULL",44,3760,"top",TRUE
3495,"half_1",65774,"left_foot","normal","regular_play","NULL","NULL",46,3760,"top",TRUE
3496,"half_2",65787,"right_foot","normal","regular_play","NULL","NULL",7,3761,"top",TRUE
3497,"half_2",65787,"left_foot","normal","regular_play","NULL","NULL",19,3761,"top",FALSE
3498,"half_2",65787,"right_foot","normal","regular_play","NULL","65761",22,3761,"top",TRUE
3499,"half_2",65767,"left_foot","normal","regular_play","NULL","65775",13,3760,"top",TRUE
3500,"half_2",65775,"head","normal","corner_kick","NULL","NULL",16,3761,"top",TRUE
3501,"half_2",65773,"left_foot","normal","regular_play","NULL","65777",25,3760,"top",TRUE
3502,"half_2",65773,"right_foot","normal","regular_play","NULL","NULL",49,3760,"top",TRUE
3503,"half_2",65763,"right_foot","normal","counter_attack","NULL","65778",26,3760,"top",TRUE
3504,"half_2",65763,"right_foot","volley","regular_play","NULL","NULL",27,3760,"top",TRUE
3505,"half_2",65763,"right_foot","normal","indirect_free_kick","NULL","NULL",31,3760,"top",FALSE
3506,"half_2",65763,"head","normal","corner_kick","NULL","NULL",37,3760,"top",TRUE
3507,"half_2",65766,"right_foot","normal","regular_play","NULL","NULL",26,3760,"top",FALSE
3508,"half_2",65766,"left_foot","normal","regular_play","NULL","65778",49,3760,"top",FALSE
3509,"half_2",65764,"right_foot","normal","regular_play","NULL","65775",43,3760,"top",TRUE
3510,"half_2",65789,"left_foot","normal","counter_attack","NULL","65768",50,3761,"top",FALSE
